{
  "project_info": {
    "project_number": "949395632732",
    "firebase_url": "https://sehti-app-default-rtdb.europe-west1.firebasedatabase.app",
    "project_id": "sehti-app",
    "storage_bucket": "sehti-app.appspot.com"
  },
  "client": [
    {
      "client_info": {
        "mobilesdk_app_id": "1:949395632732:android:a6b7deed4bcd15c3912c99",
        "android_client_info": {
          "package_name": "com.cloudsoftware.sehtiapp"
        }
      },
      "oauth_client": [
        {
          "client_id": "949395632732-ui38rukal2ctf7opvlhobnvj36bjatlo.apps.googleusercontent.com",
          "client_type": 3
        }
      ],
      "api_key": [
        {
          "current_key": "AIzaSyDZiGKGW5AzdP5S4fRYm03wbESiC0sVFEs"
        }
      ],
      "services": {
        "appinvite_service": {
          "other_platform_oauth_client": [
            {
              "client_id": "949395632732-ui38rukal2ctf7opvlhobnvj36bjatlo.apps.googleusercontent.com",
              "client_type": 3
            }
          ]
        }
      }
    }
  ],
  "configuration_version": "1"
}